Time,UNEMP,EMP,PCE,PCE_SERV,PCE_price,PCE_SERV_price,PCE_CORE_price
1988-12,5.3,1157.96304,406.671579,370.153515,408.222137,393.56028,411.669297
1989-01,5.4,1158.20877,406.85135,370.212749,408.733673,394.039664,412.173273
1989-02,5.2,1158.45668,406.642936,370.875957,409.065443,394.392857,412.427546
1989-03,5,1158.63711,406.579744,370.738992,409.437789,394.814276,412.726341
1989-04,5.2,1158.79494,407.170689,370.842839,410.102222,395.168593,413.059613
1989-05,5.2,1158.90806,407.055193,371.076673,410.465786,395.49867,413.35813
1989-06,5.3,1159.01365,407.251866,371.126531,410.684938,395.827662,413.623798
1989-07,5.2,1159.05252,407.547582,371.425793,410.923317,396.161285,413.880792
1989-08,5.2,1159.0997,408.504693,371.657023,410.934811,396.448262,414.020982
1989-09,5.3,1159.32973,408.31755,371.924691,411.157853,396.774149,414.367426
1989-10,5.3,1159.42842,408.250933,372.334471,411.546984,397.136681,414.728483
1989-11,5.4,1159.68253,408.299104,372.38671,411.76541,397.443427,414.993694
1989-12,5.4,1159.75974,409.126046,373.101765,412.054823,397.878405,415.278641
1990-01,5.4,1160.09272,409.62495,372.667776,412.810166,398.263057,415.663055
1990-02,5.3,1160.3086,409.118984,373.123085,413.249098,398.594239,416.147348
1990-03,5.2,1160.4994,409.456297,373.576713,413.625397,399.159175,416.626204
1990-04,5.4,1160.5377,409.648478,374.023256,413.83455,399.511337,416.923556
1990-05,5.4,1160.67709,409.577575,374.338869,414.059181,399.862263,417.229277
1990-06,5.2,1160.69257,409.893387,374.62487,414.500599,400.376318,417.617029
1990-07,5.5,1160.66344,410.097613,374.951693,414.74745,400.595041,417.868571
1990-08,5.7,1160.47386,410.12807,375.266858,415.410607,401.15425,418.284372
1990-09,5.9,1160.38442,410.080969,375.162937,416.022593,401.521116,418.633104
1990-10,5.9,1160.24645,409.522854,375.070724,416.593628,401.913598,418.971535
1990-11,6.2,1160.10645,409.43084,374.748557,416.719222,402.134367,419.091153
1990-12,6.3,1160.06249,409.062218,374.843855,416.813701,402.254418,419.231786
1991-01,6.4,1159.96076,408.156533,374.513733,417.19227,402.774169,419.729217
1991-02,6.6,1159.66598,408.77252,374.854485,417.243151,403.000158,420.004002
1991-03,6.8,1159.51872,409.941233,375.071051,417.26473,403.209675,420.212215
1991-04,6.7,1159.32512,409.610188,375.633575,417.444881,403.328443,420.411036
1991-05,6.9,1159.21894,409.861483,375.857132,417.859379,403.826792,420.81047
1991-06,6.9,1159.29743,409.878532,375.917219,418.027758,404.115473,421.025919
1991-07,6.8,1159.25866,410.366166,376.205244,418.185165,404.403324,421.329728
1991-08,6.9,1159.27528,410.212462,376.228434,418.417003,404.685106,421.604584
1991-09,6.9,1159.29928,410.261011,376.279601,418.760719,405.128047,422.003698
1991-10,7,1159.31866,409.854351,376.317267,418.948806,405.425147,422.223927
1991-11,7,1159.26235,410.328137,376.986392,419.166787,405.562106,422.410009
1991-12,7.3,1159.29189,410.498674,377.180888,419.417481,405.964959,422.657094
1992-01,7.3,1159.32973,411.947219,378.079655,419.553138,406.269908,422.926873
1992-02,7.4,1159.2762,412.056157,378.178599,419.805872,406.585935,423.198832
1992-03,7.4,1159.32604,412.240524,379.093898,420.047478,406.88216,423.448325
1992-04,7.4,1159.46806,412.32118,378.998114,420.318402,407.259304,423.775203
1992-05,7.6,1159.58778,412.838709,379.257129,420.449857,407.376764,423.916615
1992-06,7.8,1159.64851,413.108414,379.422723,420.628836,407.521271,423.99445
1992-07,7.7,1159.72023,413.440581,379.974481,420.95762,407.928168,424.371239
1992-08,7.6,1159.84149,413.689161,380.093056,421.091204,408.051605,424.463064
1992-09,7.6,1159.87269,414.337822,380.770513,421.254233,408.306451,424.624987
1992-10,7.3,1160.03776,414.673047,380.858204,421.607535,408.800786,425.009396
1992-11,7.4,1160.15955,414.845054,381.592289,421.803603,409.058751,425.227381
1992-12,7.4,1160.36342,415.502741,381.707987,421.977238,409.314384,425.412224
1993-01,7.3,1160.63612,415.358097,381.316832,422.220993,409.672506,425.703014
1993-02,7.1,1160.86356,415.542936,382.105992,422.371941,409.818717,425.89405
1993-03,7,1160.81811,415.273819,381.878815,422.576748,410.194891,426.111527
1993-04,7.1,1161.09229,415.943497,382.072771,422.842372,410.515261,426.401701
1993-05,7.1,1161.3386,416.292888,381.952056,423.150893,411.021791,426.740111
1993-06,7,1161.50217,416.655205,382.78692,423.18576,411.182423,426.835389
1993-07,6.9,1161.77809,417.145796,382.968221,423.343962,411.42779,427.042446
1993-08,6.8,1161.91396,417.247439,383.491066,423.514944,411.636695,427.229547
1993-09,6.7,1162.13134,417.819368,383.816638,423.619129,411.915099,427.378698
1993-10,6.8,1162.38674,417.975596,383.904558,423.933917,412.08242,427.544315
1993-11,6.6,1162.61113,418.255718,384.012421,424.122603,412.288343,427.801243
1993-12,6.5,1162.90538,418.605291,384.298853,424.145624,412.404898,427.845618
1994-01,6.6,1163.15526,418.878012,384.557285,424.178708,412.537477,427.924612
1994-02,6.6,1163.32032,419.677366,385.110647,424.409988,412.874599,428.140487
1994-03,6.5,1163.72824,419.691088,385.009811,424.685103,413.252307,428.48134
1994-04,6.4,1164.03155,420.111187,385.169475,424.803799,413.378961,428.631387
1994-05,6.1,1164.32605,419.932681,385.626258,424.948047,413.556648,428.853979
1994-06,6.1,1164.60393,420.527743,386.015413,425.193219,413.764349,429.074707
1994-07,6.1,1164.92903,420.461763,385.955228,425.507356,413.989138,429.285383
1994-08,6,1165.17827,421.119315,386.321218,425.735587,414.172103,429.397381
1994-09,5.9,1165.48329,421.267539,386.527323,425.847386,414.332518,429.548787
1994-10,5.8,1165.66621,421.888541,386.729363,426.016969,414.64467,429.782948
1994-11,5.6,1166.02155,421.96163,386.804179,426.207406,414.873805,429.966353
1994-12,5.5,1166.27669,422.227839,387.046101,426.272213,414.984234,430.00028
1995-01,5.6,1166.56551,422.224727,387.183892,426.47341,415.259775,430.248276
1995-02,5.4,1166.73361,422.039538,387.625161,426.650354,415.536126,430.411915
1995-03,5.4,1166.9134,422.565255,387.826432,426.835389,415.817971,430.657545
1995-04,5.8,1167.05188,422.400515,388.103204,427.098334,416.092787,430.889127
1995-05,5.6,1167.03479,423.120423,388.51492,427.251864,416.357518,431.059776
1995-06,5.6,1167.23707,423.918861,388.981539,427.349443,416.55328,431.145663
1995-07,5.7,1167.31718,423.646775,388.990154,427.474761,416.72542,431.303823
1995-08,5.7,1167.53334,424.135043,389.494455,427.69022,417.013208,431.543267
1995-09,5.6,1167.738,424.370244,389.303534,427.758237,417.147534,431.675451
1995-10,5.5,1167.87026,423.979549,389.419766,428.017385,417.492559,431.918001
1995-11,5.6,1167.99219,424.810565,389.885312,428.014617,417.623172,431.981873
1995-12,5.6,1168.11481,425.443733,390.1421,428.206817,417.804212,432.122778
1996-01,5.6,1168.11143,424.98982,390.393799,428.428976,417.932889,432.235624
1996-02,5.5,1168.46831,425.754676,390.839496,428.585984,418.117953,432.365572
1996-03,5.5,1168.68199,426.239693,391.179429,428.886914,418.343849,432.597202
1996-04,5.6,1168.82056,426.608178,391.238771,429.186941,418.652865,432.731963
1996-05,5.6,1169.09545,426.738887,391.358214,429.359152,418.982139,432.906089
1996-06,5.3,1169.33202,426.855045,391.537471,429.357786,419.153177,432.982503
1996-07,5.5,1169.5372,427.065289,391.75711,429.56923,419.45669,433.170655
1996-08,5.1,1169.6904,427.408821,391.906877,429.664575,419.678081,433.257375
1996-09,5.2,1169.86579,427.536047,392.092098,429.945991,419.996504,433.558995
1996-10,5.2,1170.07734,427.834229,392.130658,430.248276,420.325876,433.797025
1996-11,5.4,1170.32235,428.080834,392.38987,430.426778,420.54237,433.92757
1996-12,5.4,1170.47269,428.476786,392.90604,430.541553,420.704805,433.9667
1997-01,5.3,1170.65413,428.949744,393.318727,430.671024,420.87887,434.072275
1997-02,5.2,1170.91088,429.162022,393.427579,430.881057,421.153483,434.277892
1997-03,5.2,1171.16944,429.428215,393.334927,430.985909,421.419952,434.516813
1997-04,5.1,1171.41178,429.423646,393.901098,431.083939,421.672442,434.711164
1997-05,4.9,1171.62417,429.485777,394.197823,431.038293,421.768251,434.784918
1997-06,5,1171.84263,429.977704,394.235947,431.167123,422.118277,434.932264
1997-07,4.9,1172.08417,430.907582,394.976768,431.226114,422.267914,434.999403
1997-08,4.8,1172.06954,431.513274,395.307405,431.306501,422.351437,434.960674
1997-09,4.9,1172.46845,431.535265,395.611346,431.547275,422.658554,435.167051
1997-10,4.7,1172.74641,432.046361,396.252767,431.676785,422.868604,435.318982
1997-11,4.6,1172.99302,432.455227,396.052493,431.682122,423.027308,435.349855
1997-12,4.7,1173.24545,433.02268,396.864977,431.660773,423.086939,435.406431
1998-01,4.6,1173.45639,432.934658,396.898307,431.710137,423.278679,435.560565
1998-02,4.6,1173.6197,433.580716,397.610666,431.658104,423.399056,435.645238
1998-03,4.7,1173.73802,434.026614,398.099178,431.674117,423.65817,435.751619
1998-04,4.3,1173.95988,434.557804,398.225344,431.798133,423.82573,435.935916
1998-05,4.4,1174.27983,435.277338,398.694332,431.935304,424.040547,436.033047
1998-06,4.5,1174.46402,435.939855,399.551931,431.850093,423.981482,435.906502
1998-07,4.5,1174.56628,436.003592,399.636331,432.097536,424.280767,436.18877
1998-08,4.5,1174.83454,436.457972,399.945237,432.235624,424.511812,436.383721
1998-09,4.6,1174.99877,437.199266,400.445954,432.177226,424.553372,436.367171
1998-10,4.5,1175.15801,437.535427,400.334194,432.396046,424.845238,436.561774
1998-11,4.4,1175.37596,437.806468,400.464395,432.401344,424.949474,436.578292
1998-12,4.4,1175.66243,438.617657,400.899144,432.501968,425.090662,436.750927
1999-01,4.3,1175.74547,438.474732,401.214847,432.684421,425.260109,436.942254
1999-02,4.4,1176.07226,438.973267,401.275901,432.660642,425.415065,436.943519
1999-03,4.2,1176.15574,439.403736,401.654674,432.738564,425.615157,436.977691
1999-04,4.3,1176.44388,439.969578,402.170409,433.19957,425.738419,437.210255
1999-05,4.2,1176.60782,440.394622,402.221705,433.249495,425.915254,437.288498
1999-06,4.3,1176.82574,440.827146,402.57945,433.270508,425.984488,437.331379
1999-07,4.3,1177.07718,441.000986,403.04055,433.535423,426.224316,437.507755
1999-08,4.2,1177.19688,441.539472,403.406134,433.710772,426.3806,437.550542
1999-09,4.2,1177.35343,442.012977,403.803235,434.06055,426.678412,437.805626
1999-10,4.1,1177.66503,442.218761,404.255924,434.219373,426.930576,437.963628
1999-11,4.1,1177.88679,442.689279,404.683431,434.306489,427.163962,438.057558
1999-12,4,1178.12106,444.002727,405.243939,434.546638,427.378698,438.192663
2000-01,4,1178.29908,443.665881,405.646065,434.831472,427.755461,438.447364
2000-02,4.1,1178.38987,444.627656,406.301465,435.152877,428.065814,438.603111
2000-03,4,1178.74919,445.195583,406.874296,435.578532,428.237203,438.804598
2000-04,3.8,1178.97084,445.07433,407.024432,435.479674,428.259296,438.853044
2000-05,4,1179.13523,445.549352,407.472385,435.550297,428.431733,438.946143
2000-06,4,1179.10192,445.762287,407.967338,435.87708,428.683645,439.008161
2000-07,4,1179.23435,445.821129,408.068021,436.117321,429.007581,439.226158
2000-08,4.1,1179.22981,446.34872,408.392002,436.105833,429.260782,439.347337
2000-09,3.9,1179.32279,447.14572,408.828862,436.533815,429.555602,439.588023
2000-10,3.9,1179.32128,447.081707,408.917026,436.674801,429.905255,439.733388
2000-11,3.9,1179.47605,447.159533,409.262522,436.802913,430.047758,439.896979
2000-12,3.9,1179.5914,447.654412,409.664217,436.933392,430.278048,439.968235
2001-01,4.2,1179.58311,447.653106,409.783403,437.384324,430.918709,440.302952
2001-02,4.2,1179.65167,447.783667,409.63412,437.522858,431.148345,440.460726
2001-03,4.3,1179.62003,447.665644,409.90017,437.527892,431.338638,440.560887
2001-04,4.4,1179.40586,447.675994,409.890402,437.70769,431.532578,440.725569
2001-05,4.3,1179.36584,448.062242,410.042293,437.974904,431.763477,440.753599
2001-06,4.5,1179.28198,448.074795,410.036733,438.155152,432.02709,440.979986
2001-07,4.6,1179.18972,448.271308,410.16154,438.12138,432.240932,441.237396
2001-08,4.9,1179.07693,448.796406,410.402811,438.113874,432.459612,441.293162
2001-09,5,1178.88208,447.768709,409.816428,437.780524,431.739478,440.731663
2001-10,5.3,1178.64123,450.157584,410.354994,438.142645,432.620997,441.445752
2001-11,5.5,1178.4036,449.65546,410.282431,438.08134,432.887635,441.654883
2001-12,5.7,1178.28152,449.478433,410.775295,437.976157,433.018056,441.677824
2002-01,5.7,1178.18222,449.774749,410.815626,438.051299,433.107539,441.717657
2002-02,5.7,1178.09353,450.221062,411.089988,438.216413,433.387314,441.904541
2002-03,5.7,1178.079,450.205477,411.225706,438.49349,433.633604,442.028535
2002-04,5.9,1178.00706,450.71186,411.534452,438.925048,433.924961,442.324055
2002-05,5.8,1178.01548,450.329935,411.723086,438.99576,434.180342,442.442738
2002-06,5.8,1178.05375,450.694749,411.801033,439.117219,434.398722,442.597175
2002-07,5.8,1177.98179,451.340638,412.142819,439.317674,434.682683,442.777647
2002-08,5.7,1177.9795,451.439639,411.99901,439.504157,434.916764,442.962561
2002-09,5.7,1177.91362,451.121392,412.24521,439.68044,435.197971,443.120958
2002-10,5.7,1178.01089,451.471286,412.736193,439.866249,435.441132,443.211358
2002-11,5.9,1178.00093,451.761269,412.730395,439.965779,435.658061,443.308803
2002-12,6,1177.89139,452.383411,412.921635,440.05294,435.900107,443.390726
2003-01,5.8,1177.97413,452.38121,413.257694,440.324982,436.102003,443.429882
2003-02,5.9,1177.86993,452.02388,413.134149,440.719474,436.411721,443.536596
2003-03,5.9,1177.70728,452.620926,413.257053,440.948372,436.837132,443.665686
2003-04,6,1177.66503,453.117563,413.548791,440.748724,436.981487,443.743769
2003-05,6.1,1177.67963,453.344816,413.789944,440.614591,437.317507,443.864324
2003-06,6.3,1177.67809,453.910748,413.963103,440.708503,437.429684,443.905657
2003-07,6.2,1177.67579,454.400295,414.357417,440.992143,437.691359,444.143876
2003-08,6.1,1177.64352,455.314259,414.623719,441.314975,437.936058,444.240417
2003-09,6.1,1177.72417,455.025423,414.53388,441.610192,438.186412,444.359199
2003-10,6,1177.8776,455.169146,414.836979,441.602943,438.459833,444.521268
2003-11,5.8,1177.89293,455.729429,415.015579,441.727311,438.684003,444.654953
2003-12,5.7,1177.98026,455.869603,415.327193,441.96114,438.923807,444.795481
2004-01,5.7,1178.11877,456.18284,415.636418,442.379218,439.310257,445.087616
2004-02,5.6,1178.16158,456.352955,415.898945,442.613921,439.546099,445.274136
2004-03,5.8,1178.4036,456.886357,415.9207,442.778841,439.714921,445.453333
2004-04,5.6,1178.60851,456.860917,416.318198,442.960178,440.045577,445.711092
2004-05,5.6,1178.82363,457.45292,416.566965,443.286232,440.253979,445.847829
2004-06,5.6,1178.89878,456.968448,416.886567,443.574511,440.521812,446.009817
2004-07,5.5,1178.9405,457.745196,417.257454,443.67397,440.79502,446.135755
2004-08,5.4,1179.00798,458.10484,417.458546,443.729576,441.007945,446.178469
2004-09,5.4,1179.12615,458.726886,417.877913,443.928088,441.224056,446.367574
2004-10,5.5,1179.39378,458.940187,418.16912,444.355673,441.392493,446.583915
2004-11,5.4,1179.43606,459.105513,418.421927,444.738123,441.733345,446.796348
2004-12,5.4,1179.52733,459.7758,418.840258,444.78846,441.956324,446.920154
2005-01,5.3,1179.64037,459.513827,418.636443,444.917113,442.390008,447.2781
2005-02,5.4,1179.8345,459.933674,418.938189,445.191411,442.653383,447.43779
2005-03,5.2,1179.92767,460.117561,419.301465,445.478906,442.970904,447.671162
2005-04,5.2,1180.19916,460.737025,419.496161,445.743555,443.205413,447.770038
2005-05,5.1,1180.3279,460.668686,419.891571,445.792229,443.412086,447.965231
2005-06,5,1180.51621,461.543496,420.31876,445.848987,443.578065,448.027567
2005-07,5,1180.78016,462.314607,420.601603,446.27076,443.869048,448.17249
2005-08,4.9,1180.93046,461.948115,420.902695,446.670091,444.068462,448.249395
2005-09,5,1180.98101,461.595309,421.132297,447.625669,444.488406,448.462835
2005-10,5,1181.04712,461.902232,421.123409,447.776854,445.009408,448.739965
2005-11,5,1181.29782,462.249225,421.499661,447.563081,445.383554,448.990523
2005-12,4.9,1181.41332,462.595416,421.72927,447.56422,445.473094,449.095951
2006-01,4.7,1181.62028,463.110007,421.544629,448.050225,445.876774,449.323253
2006-02,4.8,1181.84745,463.394064,422.134913,448.100055,446.113814,449.473012
2006-03,4.7,1182.07557,463.57579,422.472644,448.269742,446.349141,449.720628
2006-04,4.7,1182.19164,463.726632,422.516779,448.694955,446.626438,449.980967
2006-05,4.6,1182.22027,463.917614,422.900289,448.942258,446.914426,450.208486
2006-06,4.6,1182.2797,463.955024,422.841529,449.18335,447.259833,450.45429
2006-07,4.7,1182.42264,464.483036,423.100486,449.536648,447.467418,450.564815
2006-08,4.7,1182.55001,464.157995,423.107581,449.853108,447.720044,450.770068
2006-09,4.5,1182.65896,464.776559,423.427568,449.586858,447.994704,450.923181
2006-10,4.4,1182.66553,465.2176,423.790918,449.343383,448.170227,451.098038
2006-11,4.5,1182.8196,465.255359,423.93152,449.380278,448.388352,451.149667
2006-12,4.4,1182.95521,465.831611,424.116882,449.746247,448.628529,451.294524
2007-01,4.6,1183.12119,465.974135,424.31386,450.102005,449.18559,451.725658
2007-02,4.5,1183.18009,465.978341,424.555594,450.417789,449.490879,451.947068
2007-03,4.4,1183.35078,466.024236,424.420334,450.772272,449.717286,452.035276
2007-04,4.5,1183.38634,466.132645,424.642367,450.982601,449.924284,452.149506
2007-05,4.4,1183.49582,466.22317,424.474153,451.26162,450.090907,452.25383
2007-06,4.6,1183.55088,466.178416,424.651055,451.472018,450.371315,452.416618
2007-07,4.7,1183.52843,466.454232,424.785605,451.632804,450.584696,452.57806
2007-08,4.6,1183.51177,466.844983,425.352588,451.697265,450.849407,452.724108
2007-09,4.7,1183.56971,466.921145,425.214234,452.071191,451.19578,452.982144
2007-10,4.7,1183.6269,466.934108,425.253698,452.35479,451.480775,453.220156
2007-11,4.7,1183.70648,467.132519,425.539105,452.87426,451.723475,453.403932
2007-12,5,1183.78455,467.009902,425.554203,453.103914,451.977568,453.602373
2008-01,5,1183.7925,466.962009,425.890257,453.369567,452.203855,453.816462
2008-02,4.9,1183.7354,466.584398,425.934511,453.579867,452.42963,453.925472
2008-03,5.1,1183.69997,466.738062,425.926761,453.889148,452.76626,454.147398
2008-04,5,1183.52626,466.901539,426.196374,454.100493,453.006941,454.235817
2008-05,5.4,1183.39794,467.022208,426.225618,454.548387,453.40071,454.438993
2008-06,5.6,1183.27383,466.85018,426.299513,455.257078,453.740513,454.647059
2008-07,5.8,1183.13137,466.388354,426.22725,455.68724,453.987404,454.785882
2008-08,6.1,1182.92897,466.374385,426.04426,455.602196,454.095161,454.905476
2008-09,6.1,1182.59317,465.757768,426.307637,455.710326,454.187889,455.037603
2008-10,6.5,1182.24082,465.53634,426.462877,455.099907,454.08663,454.958348
2008-11,6.8,1181.7059,465.276818,426.380394,453.948968,454.08663,454.965748
2008-12,7.3,1181.18368,464.894811,426.120346,453.4093,454.122882,454.944604
2009-01,7.8,1180.60054,465.402526,426.162367,453.445798,454.082365,454.942489
2009-02,8.3,1180.04475,465.016712,425.858717,453.649512,454.072766,455.049222
2009-03,8.7,1179.44285,464.613796,425.880453,453.56486,454.026893,455.151621
2009-04,9,1178.91699,464.52007,425.771606,453.72339,454.110089,455.390847
2009-05,9.4,1178.6572,464.645644,425.579396,453.845329,454.181496,455.489742
2009-06,9.5,1178.30137,464.648345,425.654869,454.435805,454.318839,455.612699
2009-07,9.5,1178.0415,464.996193,425.725921,454.442181,454.449619,455.693537
2009-08,9.6,1177.90136,465.912475,425.929639,454.7308,454.669326,455.839299
2009-09,9.8,1177.71649,464.963115,425.907066,454.898071,454.792236,456.022512
2009-10,10,1177.56358,465.069391,425.878272,455.281317,455.249699,456.394186
2009-11,9.9,1177.57281,464.907566,425.616699,455.529694,455.420315,456.479601
2009-12,9.9,1177.36576,465.451306,426.182343,455.57173,455.504463,456.547256
2010-01,9.8,1177.3673,465.279823,426.103692,455.772212,455.68829,456.672038
2010-02,9.8,1177.29639,465.583088,426.364452,455.756482,455.791085,456.744755
2010-03,9.9,1177.43585,466.04198,426.32279,455.879111,455.996359,456.873439
2010-04,9.9,1177.61355,466.236757,426.473679,455.919954,456.139592,456.908695
2010-05,9.6,1178.02773,466.394638,426.863954,455.940893,456.308698,457.008172
2010-06,9.4,1177.92128,466.651295,427.021225,455.885396,456.377511,457.04131
2010-07,9.4,1177.8569,466.892941,427.334209,455.971246,456.46294,457.042345
2010-08,9.5,1177.85306,467.18528,427.535627,456.10511,456.570144,457.134449
2010-09,9.5,1177.80321,467.295461,427.504965,456.198081,456.613826,457.184088
2010-10,9.4,1178.00859,467.541362,427.519829,456.494177,456.807042,457.309111
2010-11,9.8,1178.10424,467.837151,427.784257,456.682429,456.920098,457.424695
2010-12,9.3,1178.15929,467.971424,427.993342,456.908695,456.996779,457.445321
2011-01,9.1,1178.17381,468.059037,427.921823,457.237836,457.231636,457.691473
2011-02,9,1178.33571,468.101133,428.108431,457.526752,457.442228,457.878514
2011-03,9,1178.51487,468.463015,428.424662,457.929838,457.667811,458.029331
2011-04,9.1,1178.75375,468.396221,428.421474,458.347657,457.887754,458.252572
2011-05,9,1178.83047,468.321323,428.722194,458.652749,458.143062,458.490625
2011-06,9.1,1179.0095,468.572069,428.845163,458.635427,458.235182,458.604853
2011-07,9,1179.05496,468.770722,429.206759,458.818678,458.436526,458.766791
2011-08,9,1179.15037,468.744033,429.250177,459.061477,458.676179,458.975193
2011-09,9,1179.32657,468.947863,429.228001,459.207481,458.816644,459.0493
2011-10,8.8,1179.48057,469.081376,429.232049,459.21356,458.839019,459.103069
2011-11,8.6,1179.5801,468.935424,429.09634,459.419013,459.044226,459.314821
2011-12,8.5,1179.73221,468.995777,429.111755,459.476625,459.243949,459.482688
2012-01,8.3,1179.99823,469.468798,429.459304,459.834696,459.57762,459.798443
2012-02,8.3,1180.19466,470.069402,429.877621,460.07203,459.770237,459.954439
2012-03,8.2,1180.37426,469.872238,429.81835,460.253672,459.925271,460.113204
2012-04,8.2,1180.43555,469.990401,429.993264,460.389938,460.139306,460.269713
2012-05,8.2,1180.51024,470.007474,429.96983,460.271718,460.25668,460.365904
2012-06,8.2,1180.56473,469.858107,429.890305,460.217571,460.425977,460.465005
2012-07,8.2,1180.67809,470.102893,430.133684,460.254675,460.549013,460.569005
2012-08,8.1,1180.80622,470.015327,429.767111,460.586994,460.710831,460.627957
2012-09,7.8,1180.94533,470.228283,430.034076,460.894306,460.862421,460.754736
2012-10,7.8,1181.06346,470.281466,430.234966,461.186771,461.151005,460.991889
2012-11,7.7,1181.17923,470.680826,430.372804,461.120196,461.324748,461.101308
2012-12,7.9,1181.35632,470.723984,430.283339,461.110255,461.489277,461.181804
2013-01,8,1181.49763,471.095926,430.123979,461.295977,461.727661,461.378299
2013-02,7.7,1181.70295,471.060386,430.183788,461.659468,461.933933,461.496209
2013-03,7.5,1181.80545,471.081676,430.372431,461.526902,462.117148,461.587271
2013-04,7.6,1181.94612,470.96248,430.221701,461.452628,462.293152,461.670342
2013-05,7.5,1182.10938,471.246337,430.29193,461.517992,462.503164,461.777047
2013-06,7.5,1182.24228,471.243748,430.382287,461.735564,462.710779,461.943792
2013-07,7.3,1182.32444,471.367619,430.289161,461.858974,462.877928,462.069899
2013-08,7.2,1182.50172,471.505039,430.594135,462.008835,463.036999,462.181096
2013-09,7.2,1182.63849,471.795885,430.771724,462.050205,463.223072,462.296099
2013-10,7.2,1182.80281,472.096851,431.078844,462.213546,463.507844,462.501203
2013-11,6.9,1182.99527,472.537506,431.448841,462.364841,463.740502,462.669682
2013-12,6.7,1183.04551,472.604776,431.5793,462.560987,463.978415,462.801719
2014-01,6.6,1183.17282,472.296409,431.536784,462.745991,464.162747,462.887695
2014-02,6.7,1183.29343,472.857181,431.539296,462.798787,464.285125,462.941392
2014-03,6.7,1183.47771,473.263864,431.811487,462.99506,464.63889,463.128618
2014-04,6.2,1183.71299,473.615813,432.111288,463.179264,464.79327,463.306741
2014-05,6.3,1183.8705,473.825794,432.345593,463.342717,465.051633,463.472899
2014-06,6.1,1184.10559,474.243455,432.67799,463.449595,465.172929,463.582547
2014-07,6.2,1184.27255,474.479552,432.902891,463.597094,465.412224,463.761801
2014-08,6.1,1184.40764,475.177763,433.569074,463.579638,465.511207,463.794711
2014-09,5.9,1184.62929,475.237641,433.762863,463.600972,465.651898,463.91464
2014-10,5.7,1184.80969,475.84656,434.341128,463.572849,465.739255,464.001596
2014-11,5.8,1185.0176,476.190369,434.536568,463.493285,465.945002,464.104878
2014-12,5.6,1185.20869,476.477292,434.786261,463.329106,466.126693,464.185885
2015-01,5.7,1185.34466,476.786346,435.098678,462.863277,466.168284,464.161783
2015-02,5.5,1185.53727,477.054776,435.402571,463.027247,466.252358,464.261047
2015-03,5.4,1185.58767,477.312308,435.368605,463.219179,466.413696,464.415049
2015-04,5.4,1185.78901,477.588857,435.724433,463.299934,466.598303,464.588017
2015-05,5.6,1186.02317,477.903642,435.997778,463.542777,466.749689,464.716589
2015-06,5.3,1186.14604,478.042096,436.162438,463.740502,466.985245,464.841165
2015-07,5.2,1186.35894,478.443805,436.434502,463.827609,467.133239,464.934974
2015-08,5.1,1186.44693,478.718052,436.68084,463.834381,467.296901,465.015311
2015-09,5,1186.55593,478.857451,436.851136,463.694982,467.428572,465.150973
2015-10,5,1186.77076,478.932915,437.162749,463.687232,467.491078,465.173884
2015-11,5.1,1186.93684,479.161874,437.131272,463.755993,467.653225,465.288358
2015-12,5,1187.1278,479.525105,437.4744,463.682388,467.776058,465.361743
2016-01,4.8,1187.20324,479.620059,437.629893,463.776322,468.038897,465.573972
2016-02,4.9,1187.35117,480.268371,438.090311,463.712418,468.194602,465.73356
2016-03,5,1187.51629,480.029442,437.910737,463.875002,468.428631,465.858772
2016-04,5.1,1187.65333,480.325561,438.248727,464.210945,468.693449,466.100216
2016-05,4.8,1187.68183,480.533254,438.315171,464.37176,468.969514,466.251414
2016-06,4.9,1187.86097,480.967541,438.489671,464.572655,469.202655,466.374094
2016-07,4.8,1188.11801,481.04159,438.621624,464.633132,469.489205,466.549359
2016-08,4.9,1188.21691,481.197092,438.77792,464.803809,469.715667,466.744051
2016-09,5,1188.41648,481.511515,439.110663,464.934017,469.838727,466.839847
2016-10,4.9,1188.49786,481.522146,439.142381,465.151928,470.066217,466.996492
2016-11,4.7,1188.58743,481.747577,439.526246,465.197743,470.261445,467.057396
2016-12,4.7,1188.7347,482.314828,439.808583,465.400797,470.439089,467.186575
2017-01,4.7,1188.87008,482.4374,440.015894,465.768673,470.679674,467.443502
2017-02,4.6,1188.99568,482.478331,440.010651,465.870147,470.88543,467.592683
2017-03,4.4,1189.09097,483.020049,440.5496,465.750644,470.852068,467.516256
2017-04,4.5,1189.24161,482.983317,440.260668,465.981934,471.210346,467.740712
2017-05,4.4,1189.33804,483.019253,440.276064,465.972466,471.435637,467.842994
2017-06,4.3,1189.48217,483.273185,440.346107,466.097379,471.64074,467.995293
2017-07,4.3,1189.63767,483.421777,440.570753,466.139928,471.73196,468.065792
2017-08,4.4,1189.76707,483.504321,440.599389,466.381638,471.950729,468.186267
2017-09,4.2,1189.79565,484.051201,440.824517,466.74781,472.200166,468.358388
2017-10,4.1,1189.96494,484.16582,440.952124,466.904599,472.524393,468.6363
2017-11,4.2,1190.09799,484.651617,441.21876,467.084556,472.714,468.704506
2017-12,4.1,1190.21934,485.219068,441.723278,467.229598,472.926217,468.852739
2018-01,4,1190.27421,485.081932,441.719056,467.553545,473.183808,469.126531
2018-02,4.1,1190.52986,485.019883,441.625096,467.775128,473.478517,469.319938
2018-03,4,1190.66148,485.451412,442.048763,467.876445,473.754841,469.539473
2018-04,4,1190.76464,485.702115,442.320184,468.088045,473.933388,469.719315
2018-05,3.8,1190.94642,486.040626,442.309102,468.309373,474.213692,469.928875
2018-06,4,1191.09026,486.14494,442.758715,468.465582,474.415792,470.041673
2018-07,3.8,1191.19029,486.462233,442.972472,468.563434,474.609667,470.171597
2018-08,3.8,1191.34383,486.766777,443.227404,468.641832,474.78236,470.194293
2018-09,3.7,1191.41416,486.628561,443.093172,468.823294,475.014461,470.411919
2018-10,3.8,1191.55599,487.090215,443.452017,468.965838,475.180411,470.526888
2018-11,3.8,1191.61748,487.412538,443.366116,469.036575,475.449495,470.723929
2018-12,3.9,1191.77771,486.51496,443.307468,469.096249,475.768524,470.91157
2019-01,4,1191.93568,487.249199,443.537677,469.017288,475.713562,470.954822
2019-02,3.8,1191.90237,487.216087,443.714791,469.13754,475.858631,470.993552
2019-03,3.8,1192.01424,487.924084,444.025306,469.365714,476.064285,471.109654
2019-04,3.7,1192.15988,488.105951,444.078062,469.691949,476.426576,471.396181
2019-05,3.7,1192.20173,488.348939,444.186436,469.793167,476.567208,471.520775
2019-06,3.6,1192.31791,488.663812,444.456882,469.91067,476.773961,471.737324
2019-07,3.6,1192.44588,488.872943,444.577395,470.086211,477.037949,471.900767
2019-08,3.7,1192.57501,489.073177,444.733029,470.152527,477.215811,472.042559
2019-09,3.5,1192.72116,489.178058,444.931651,470.19974,477.342662,472.119167
2019-10,3.6,1192.84993,489.363789,445.13498,470.390178,477.544446,472.249089
2019-11,3.6,1193.00424,489.452566,445.27786,470.466252,477.665827,472.296211
2019-12,3.6,1193.11028,489.485702,445.350927,470.727541,477.973675,472.519959
2020-01,3.5,1193.31741,489.902474,445.704985,470.878217,478.174191,472.693639
2020-02,3.5,1193.50707,489.794224,445.727479,470.965632,478.351719,472.845804
2020-03,4.4,1192.3975,483.111876,436.272124,470.69774,478.359248,472.750286
2020-04,14.8,1177.65274,470.028967,423.312355,470.167057,478.134791,472.318431
2020-05,13.3,1179.80593,478.201661,428.912726,470.333084,478.396052,472.521732
2020-06,11.1,1183.38489,483.95958,434.825758,470.825912,478.614083,472.867018
2020-07,10.2,1184.62929,485.183654,436.14447,471.089863,478.796663,473.150323
2020-08,8.4,1185.75713,486.092588,437.265077,471.386314,479.030445,473.460068
2020-09,7.8,1186.26312,487.215055,438.14115,471.544063,479.366432,473.63651
2020-10,6.9,1186.7413,487.48414,438.56005,471.578985,479.472386,473.640018
2020-11,6.7,1186.92634,486.834674,438.210729,471.581671,479.474868,473.625108
2020-12,6.7,1186.71183,485.90542,437.919558,471.947161,479.849762,473.918521
2021-01,6.3,1186.8752,488.817411,438.733413,472.235749,479.979903,474.113362
2021-02,6.2,1187.25002,487.53891,438.63426,472.523506,480.177262,474.263384
2021-03,6,1187.79643,491.872225,440.399794,473.085966,480.663239,474.679995
2021-04,6.1,1187.98923,492.139329,441.023237,473.724176,481.163136,475.378845
2021-05,5.8,1188.37577,491.710199,441.430185,474.171827,481.487991,475.858631
